"";"TournamentID";"TeamID";"Rank"
"1";1;439;1
"2";1;53;2
"3";1;192;3
"4";1;407;4
"5";1;276;5
"6";2;265;1
"7";2;66;2
"8";2;467;3
"9";2;397;4
"10";2;46;5
"11";2;436;6
"12";2;64;7
"13";2;245;8
"14";2;454;9
"15";2;63;10
"16";2;52;11
"17";3;159;1
"18";3;367;2
"19";3;194;3
"20";3;104;4
"21";3;112;5
"22";3;393;6
"23";3;192;7
"24";3;46;8
"25";3;272;9
"26";3;113;10
"27";4;265;1
"28";4;124;2
"29";4;119;3
"30";4;101;4
"31";5;265;1
"32";5;271;2
"33";5;140;3
"34";5;397;4
"35";5;436;5
"36";5;66;6
"37";5;192;7
"38";5;64;8
"39";5;46;9
"40";5;468;10
"41";5;40;11
"42";5;254;12
"43";5;244;13
"44";5;63;14
"45";5;52;15
"46";6;359;2
"47";6;175;2
"48";6;140;3
"49";6;192;4
"50";6;149;5
"51";6;333;6
"52";6;152;7
"53";6;72;8
"54";7;359;1
"55";7;192;2
"56";7;472;3
"57";7;112;4
"58";7;439;5
"59";7;12;6
"60";7;228;7
"61";8;359;1
"62";8;140;2
"63";8;66;3
"64";8;436;4
"65";8;192;5
"66";8;265;6
"67";8;271;7
"68";8;64;8
"69";8;467;9
"70";8;439;10
"71";8;46;11
"72";8;393;12
"73";8;254;13
"74";8;397;14
"75";8;244;15
"76";8;40;16
"77";8;454;17
"78";8;119;18
"79";8;428;19
"80";8;63;20
"81";8;138;21
"82";8;52;22
"83";8;24;23
"84";9;140;1
"85";9;175;2
"86";9;97;3
"87";9;176;4
"88";9;153;5
"89";9;472;5
"90";9;112;5
"91";9;359;5
"92";10;140;1
"93";10;359;2
"94";10;265;3
"95";10;66;4
"96";10;467;5
"97";10;3;6
"98";10;378;7
"99";10;271;8
"100";10;439;9
"101";10;192;10
"102";10;244;11
"103";10;286;12
"104";10;407;13
"105";10;428;14
"106";10;53;15
"107";10;254;16
"108";10;472;17
"109";10;206;18
"110";10;24;19
"111";10;276;20
"112";11;376;1
"113";11;244;2
"114";11;141;3
"115";11;254;4
"116";11;168;5
"117";11;428;6
"118";11;383;7
"119";11;138;8
"120";11;24;9
"121";12;436;1
"122";12;177;2
"123";12;178;3
"124";12;149;4
"125";12;221;5
"126";12;333;6
"127";12;146;7
"128";13;359;1
"129";13;192;2
"130";13;472;3
"131";13;175;4
"132";13;333;5
"133";13;72;6
"134";13;221;7
"135";14;436;1
"136";14;66;2
"137";14;140;3
"138";14;271;4
"139";14;393;5
"140";14;112;5
"141";14;467;7
"142";14;63;8
"143";14;265;9
"144";14;175;10
"145";14;428;11
"146";14;432;12
"147";14;119;13
"148";14;472;14
"149";14;429;15
"150";14;64;16
"151";14;257;17
"152";14;397;18
"153";14;25;19
"154";14;52;20
"155";14;24;20
"156";15;175;1
"157";15;439;2
"158";15;53;3
"159";15;192;4
"160";15;72;5
"161";15;437;6
"162";15;146;7
"163";16;359;1
"164";16;140;2
"165";16;66;3
"166";16;436;4
"167";16;265;5
"168";16;192;6
"169";16;472;7
"170";16;439;8
"171";16;271;9
"172";16;393;10
"173";16;244;11
"174";16;467;12
"175";16;386;13
"176";16;112;14
"177";16;53;15
"178";16;378;16
"179";16;428;17
"180";16;286;18
"181";16;104;19
"182";16;64;20
"183";16;63;21
"184";16;40;22
"185";16;454;23
"186";16;12;24
"187";16;397;25
"188";16;46;26
"189";16;407;27
"190";16;254;28
"191";16;24;29
"192";16;432;30
"193";16;25;31
"194";16;383;32
"195";16;138;33
"196";16;272;34
"197";16;52;35
"198";16;405;36
"199";17;265;1
"200";17;3;2
"201";17;429;3
"202";17;468;4
"203";17;452;5
"204";18;381;1
"205";18;28;2
"206";18;357;2
"207";19;265;1
"208";19;449;2
"209";19;63;3
"210";19;46;4
"211";19;271;5
"212";19;64;6
"213";19;66;7
"214";19;454;8
"215";19;467;9
"216";19;428;10
"217";19;472;11
"218";19;24;12
"219";19;358;13
"220";19;52;14
"221";20;408;1
"222";20;452;2
"223";20;69;3
"224";21;192;1
"225";21;53;2
"226";21;378;3
"227";21;286;4
"228";21;439;5
"229";21;105;6
"230";22;359;1
"231";22;140;2
"232";22;393;3
"233";22;348;4
"234";22;112;5
"235";22;454;6
"236";22;272;7
"237";22;472;8
"238";23;175;1
"239";23;73;2
"240";23;333;3
"241";23;149;4
"242";24;53;1
"243";24;378;2
"244";24;184;3
"245";24;105;4
"246";24;154;5
"247";24;146;6
"248";24;185;7
"249";24;163;8
"250";25;313;1
"251";25;461;2
"252";25;345;3
"253";25;453;4
"254";25;283;5
"255";26;97;1
"256";26;436;2
"257";26;175;3
"258";26;98;4
"259";26;358;5
"260";27;359;1
"261";27;265;2
"262";27;472;3
"263";27;140;3
"264";27;467;5
"265";27;53;6
"266";27;409;7
"267";27;428;8
"268";27;24;9
"269";27;348;10
"270";27;64;11
"271";27;119;12
"272";27;325;13
"273";27;12;14
"274";27;63;15
"275";27;436;16
"276";27;244;17
"277";27;52;18
"278";28;265;1
"279";28;448;2
"280";28;64;3
"281";28;323;4
"282";28;452;5
"283";29;359;1
"284";29;140;2
"285";29;53;3
"286";29;192;4
"287";29;320;5
"288";29;472;6
"289";29;112;7
"290";29;348;8
"291";29;428;9
"292";29;169;10
"293";29;378;11
"294";29;258;12
"295";29;417;13
"296";29;56;14
"297";29;276;15
"298";29;105;16
"299";30;359;1
"300";30;409;2
"301";30;192;3
"302";30;472;4
"303";30;428;5
"304";30;333;6
"305";30;331;7
"306";30;400;8
"307";31;97;1
"308";32;53;1
"309";32;168;2
"310";31;358;2
"311";32;378;3
"312";32;164;4
"313";32;119;5
"314";32;400;6
"315";32;340;7
"316";33;436;1
"317";33;271;2
"318";33;265;3
"319";33;289;4
"320";33;393;5
"321";33;295;6
"322";33;66;7
"323";33;244;8
"324";33;140;9
"325";33;61;10
"326";33;119;11
"327";33;24;12
"328";33;175;13
"329";33;472;14
"330";33;348;15
"331";33;325;16
"332";33;432;17
"333";33;64;18
"334";33;323;19
"335";33;52;20
"336";34;472;1
"337";34;359;2
"338";34;428;3
"339";34;112;4
"340";34;244;5
"341";34;12;6
"342";35;359;1
"343";35;140;2
"344";35;467;3
"345";35;393;4
"346";35;386;5
"347";35;271;6
"348";35;40;7
"349";35;432;8
"350";35;472;9
"351";35;112;10
"352";35;348;11
"353";35;320;12
"354";35;119;13
"355";35;353;14
"356";35;358;15
"357";35;340;16
"358";35;272;17
"359";35;24;18
"360";35;63;19
"361";35;354;20
"362";35;116;21
"363";35;460;22
"364";35;56;23
"365";35;146;24
"366";36;266;1
"367";36;242;2
"368";36;452;3
"369";37;175;1
"370";37;472;2
"371";37;40;3
"372";37;358;4
"373";37;400;5
"374";37;464;6
"375";38;175;1
"376";38;433;2
"377";38;238;3
"378";38;358;4
"379";38;421;5
"380";39;398;1
"381";39;13;2
"382";39;271;3
"383";39;265;4
"384";39;428;5
"385";39;40;6
"386";39;467;7
"387";39;472;8
"388";39;112;9
"389";39;348;10
"390";39;340;11
"391";39;169;12
"392";39;66;13
"393";39;52;14
"394";39;24;15
"395";39;432;16
"396";39;289;17
"397";39;63;18
"398";39;119;19
"399";39;249;20
"400";39;12;21
"401";39;158;22
"402";39;242;23
"403";39;179;24
"404";40;380;1
"405";40;443;2
"406";40;42;3
"407";40;452;4
"408";40;313;5
"409";40;209;6
"410";41;53;1
"411";41;472;2
"412";41;192;3
"413";41;275;4
"414";41;340;5
"415";41;202;6
"416";41;378;7
"417";41;379;8
"418";42;359;1
"419";42;271;2
"420";42;140;3
"421";42;112;4
"422";42;393;5
"423";42;472;6
"424";42;348;7
"425";42;289;8
"426";42;192;9
"427";42;40;10
"428";42;50;11
"429";42;81;12
"430";42;88;13
"431";42;83;14
"432";42;272;15
"433";42;407;16
"434";42;60;17
"435";42;259;18
"436";43;175;1
"437";43;177;2
"438";43;428;3
"439";43;149;4
"440";43;192;5
"441";43;333;6
"442";43;400;7
"443";43;151;8
"444";43;88;9
"445";43;421;10
"446";43;48;11
"447";44;175;1
"448";44;177;2
"449";44;53;3
"450";44;80;4
"451";44;378;5
"452";44;184;6
"453";44;146;7
"454";44;400;8
"455";44;333;9
"456";44;238;10
"457";44;163;11
"458";44;185;12
"459";44;377;13
"460";44;72;14
"461";44;421;15
"462";45;359;1
"463";45;192;2
"464";45;30;3
"465";45;472;4
"466";45;114;5
"467";45;12;6
"468";45;271;7
"469";45;244;8
"470";45;428;9
"471";45;348;10
"472";45;88;11
"473";45;342;12
"474";45;81;13
"475";45;397;14
"476";45;256;15
"477";45;56;16
"478";46;265;1
"479";46;472;2
"480";46;271;3
"481";46;436;3
"482";46;289;5
"483";46;467;6
"484";46;432;7
"485";46;74;8
"486";46;244;9
"487";46;463;10
"488";46;407;11
"489";46;119;12
"490";46;323;13
"491";46;320;14
"492";46;452;15
"493";46;321;16
"494";46;242;17
"495";46;92;18
"496";47;175;1
"497";47;80;2
"498";47;238;3
"499";47;328;4
"500";47;333;5
"501";47;400;6
"502";47;239;7
"503";48;359;1
"504";48;472;2
"505";48;467;3
"506";48;244;4
"507";48;192;5
"508";48;348;6
"509";48;88;7
"510";48;139;8
"511";48;397;9
"512";48;432;10
"513";48;119;11
"514";48;257;12
"515";48;411;13
"516";48;297;14
"517";49;175;1
"518";49;265;2
"519";49;436;3
"520";49;472;4
"521";49;428;5
"522";49;386;6
"523";49;112;7
"524";49;393;8
"525";49;169;9
"526";49;397;10
"527";49;432;11
"528";49;119;12
"529";49;88;13
"530";49;325;14
"531";49;289;15
"532";49;323;16
"533";49;407;17
"534";49;452;18
"535";49;242;19
"536";49;92;20
"537";49;348;21
"538";50;271;1
"539";51;53;1
"540";50;467;2
"541";51;320;2
"542";51;340;3
"543";50;472;3
"544";50;40;4
"545";51;378;4
"546";50;397;5
"547";51;80;5
"548";50;463;6
"549";51;400;6
"550";51;89;7
"551";51;79;8
"552";51;377;9
"553";51;421;10
"554";52;359;1
"555";52;192;2
"556";52;112;3
"557";52;393;4
"558";52;348;5
"559";52;472;6
"560";52;88;7
"561";52;397;8
"562";52;40;9
"563";52;244;10
"564";52;320;11
"565";52;272;12
"566";52;297;13
"567";52;282;14
"568";53;359;1
"569";53;265;2
"570";53;140;3
"571";53;192;4
"572";53;320;5
"573";53;340;6
"574";53;271;7
"575";53;53;8
"576";53;40;9
"577";53;428;10
"578";53;24;11
"579";53;276;12
"580";53;214;13
"581";53;378;14
"582";53;426;15
"583";53;202;16
"584";54;359;1
"585";54;140;2
"586";54;472;3
"587";54;112;4
"588";54;175;5
"589";54;97;6
"590";54;393;7
"591";54;407;8
"592";54;40;9
"593";54;340;10
"594";54;432;11
"595";54;436;12
"596";54;88;13
"597";54;100;14
"598";54;214;15
"599";54;19;16
"600";54;400;17
"601";54;81;18
"602";54;358;19
"603";54;12;20
"604";54;24;21
"605";54;98;22
"606";54;333;23
"607";54;356;24
"608";54;403;25
"609";54;394;26
"610";54;56;27
"611";54;421;28
"612";54;99;29
"613";54;452;30
"614";54;276;31
"615";54;287;32
"616";55;265;1
"617";55;434;2
"618";55;323;3
"619";55;242;4
"620";55;452;5
"621";55;404;6
"622";56;175;1
"623";56;149;2
"624";56;151;3
"625";56;40;4
"626";56;333;5
"627";56;238;6
"628";56;328;7
"629";56;400;8
"630";56;349;9
"631";56;239;10
"632";56;229;11
"633";56;421;12
"634";56;48;13
"635";57;359;1
"636";57;271;2
"637";57;157;3
"638";57;24;4
"639";57;140;5
"640";57;320;6
"641";57;393;7
"642";57;46;8
"643";57;112;9
"644";57;472;10
"645";57;81;11
"646";57;394;12
"647";57;224;13
"648";57;60;14
"649";57;412;15
"650";57;397;16
"651";58;40;1
"652";58;472;2
"653";58;271;3
"654";58;428;4
"655";58;292;5
"656";58;24;6
"657";58;56;7
"658";58;397;8
"659";60;359;1
"660";59;192;1
"661";60;140;2
"662";59;326;2
"663";60;88;3
"664";59;340;3
"665";59;276;4
"666";60;112;4
"667";59;320;5
"668";60;265;5
"669";60;393;6
"670";59;333;6
"671";59;428;7
"672";60;360;7
"673";59;53;8
"674";60;472;8
"675";59;202;9
"676";60;430;9
"677";59;56;10
"678";60;40;10
"679";59;378;11
"680";60;397;11
"681";60;272;12
"682";59;235;12
"683";60;157;13
"684";60;214;14
"685";60;81;15
"686";60;24;16
"687";60;60;17
"688";60;394;18
"689";60;302;19
"690";60;9;20
"691";60;350;21
"692";60;230;22
"693";60;231;23
"694";61;359;1
"695";61;326;2
"696";61;400;3
"697";61;333;4
"698";61;149;5
"699";61;239;6
"700";61;214;7
"701";61;403;8
"702";61;40;9
"703";61;349;10
"704";61;146;11
"705";61;72;12
"706";61;378;13
"707";61;29;14
"708";61;377;15
"709";61;143;16
"710";61;421;17
"711";62;400;1
"712";62;238;2
"713";62;149;3
"714";62;403;4
"715";63;359;1
"716";63;472;2
"717";63;112;3
"718";63;326;4
"719";63;428;5
"720";63;140;6
"721";63;271;7
"722";63;244;8
"723";63;88;9
"724";63;40;10
"725";63;288;11
"726";63;394;12
"727";63;397;13
"728";63;56;14
"729";63;12;15
"730";63;81;16
"731";63;360;17
"732";63;24;18
"733";63;256;19
"734";63;267;20
"735";63;53;21
"736";63;471;22
"737";64;359;1
"738";64;140;2
"739";64;326;3
"740";64;472;4
"741";64;175;5
"742";64;333;6
"743";64;97;7
"744";64;360;8
"745";64;29;9
"746";64;214;10
"747";64;98;11
"748";65;271;1
"749";65;88;2
"750";65;265;3
"751";65;432;4
"752";65;244;5
"753";65;24;6
"754";65;119;7
"755";65;430;8
"756";65;46;9
"757";65;463;10
"758";65;397;11
"759";65;242;12
"760";65;92;13
"761";65;404;14
"762";65;452;15
"763";66;175;1
"764";66;326;2
"765";66;149;3
"766";66;333;4
"767";66;238;5
"768";66;400;6
"769";66;328;7
"770";66;26;8
"771";66;214;9
"772";66;414;10
"773";67;359;1
"774";67;326;2
"775";67;40;3
"776";67;140;4
"777";67;110;5
"778";67;472;6
"779";67;340;7
"780";67;428;8
"781";67;192;9
"782";67;172;10
"783";67;244;11
"784";67;378;12
"785";67;394;13
"786";67;44;14
"787";67;224;15
"788";67;202;16
"789";67;56;17
"790";67;249;18
"791";67;53;19
"792";68;326;1
"793";68;112;2
"794";68;340;3
"795";68;23;4
"796";68;428;5
"797";68;378;6
"798";68;317;7
"799";68;400;8
"800";68;202;9
"801";68;276;10
"802";68;129;11
"803";68;53;12
"804";68;438;13
"805";68;242;14
"806";68;252;15
"807";69;472;1
"808";69;40;2
"809";69;202;3
"810";69;81;4
"811";69;224;5
"812";69;112;6
"813";69;214;7
"814";69;226;8
"815";69;83;9
"816";70;400;1
"817";70;149;2
"818";70;238;3
"819";70;333;4
"820";70;239;5
"821";70;214;6
"822";70;328;7
"823";70;29;8
"824";70;143;9
"825";70;344;10
"826";71;175;1
"827";71;88;2
"828";71;472;3
"829";71;112;4
"830";71;436;5
"831";71;271;6
"832";71;265;7
"833";71;393;8
"834";71;140;9
"835";71;428;10
"836";71;119;11
"837";71;24;12
"838";71;46;13
"839";71;397;14
"840";71;3;15
"841";71;463;16
"842";71;430;17
"843";71;432;18
"844";71;394;19
"845";71;452;20
"846";71;242;21
"847";71;325;22
"848";72;472;1
"849";72;271;2
"850";72;40;3
"851";72;397;4
"852";72;463;5
"853";72;458;6
"854";73;359;1
"855";74;327;1
"856";74;452;2
"857";73;472;2
"858";74;338;3
"859";73;175;3
"860";74;117;4
"861";73;386;4
"862";74;339;5
"863";73;301;5
"864";73;140;6
"865";73;88;7
"866";73;40;8
"867";73;360;9
"868";73;39;10
"869";73;112;11
"870";73;430;12
"871";73;326;13
"872";73;192;14
"873";73;56;15
"874";73;428;16
"875";73;393;17
"876";73;244;18
"877";73;271;19
"878";73;119;20
"879";73;135;21
"880";73;107;22
"881";73;340;23
"882";73;400;24
"883";73;265;25
"884";73;333;26
"885";73;224;27
"886";73;378;28
"887";73;276;29
"888";73;202;30
"889";73;394;31
"890";73;53;32
"891";73;81;33
"892";73;353;34
"893";73;46;35
"894";73;432;36
"895";73;12;37
"896";73;242;38
"897";73;463;39
"898";73;407;40
"899";73;397;41
"900";73;92;42
"901";73;24;43
"902";73;129;44
"903";73;64;45
"904";73;123;46
"905";73;320;47
"906";73;29;48
"907";73;362;49
"908";73;90;50
"909";73;248;51
"910";73;57;52
"911";73;143;53
"912";73;60;54
"913";73;226;55
"914";73;208;56
"915";73;352;57
"916";73;361;58
"917";73;34;59
"918";73;144;60
"919";73;169;61
"920";75;265;1
"921";75;404;2
"922";75;452;3
"923";75;242;4
"924";76;149;1
"925";76;333;2
"926";76;40;3
"927";76;151;4
"928";76;55;5
"929";76;238;6
"930";76;29;7
"931";76;7;8
"932";76;400;9
"933";76;349;10
"934";76;72;11
"935";78;327;1
"936";77;472;1
"937";79;424;1
"938";78;452;2
"939";77;359;2
"940";79;22;2
"941";77;88;3
"942";78;302;3
"943";77;212;3
"944";79;207;3
"945";79;200;4
"946";78;338;4
"947";78;180;5
"948";79;420;5
"949";77;140;5
"950";77;360;6
"951";79;199;6
"952";77;160;7
"953";77;393;8
"954";77;265;9
"955";77;271;10
"956";77;112;11
"957";77;214;12
"958";77;430;13
"959";77;81;14
"960";77;276;15
"961";77;361;16
"962";77;224;17
"963";77;123;18
"964";77;12;19
"965";77;397;20
"966";77;24;21
"967";77;90;22
"968";77;9;23
"969";77;242;24
"970";77;60;25
"971";77;394;26
"972";77;314;27
"973";80;340;1
"974";80;192;2
"975";80;56;3
"976";80;327;4
"977";80;129;5
"978";80;378;6
"979";80;407;7
"980";80;428;8
"981";80;276;9
"982";80;202;10
"983";80;169;11
"984";80;333;12
"985";80;53;13
"986";80;248;14
"987";80;458;15
"988";80;57;16
"989";81;140;1
"990";81;88;2
"991";81;265;3
"992";81;289;4
"993";81;46;5
"994";81;430;6
"995";81;244;7
"996";81;119;8
"997";81;452;9
"998";81;463;10
"999";81;242;11
"1000";81;338;12
"1001";81;34;13
"1002";82;359;1
"1003";82;140;2
"1004";82;393;3
"1005";82;112;4
"1006";82;472;5
"1007";82;360;6
"1008";82;81;7
"1009";82;123;8
"1010";82;60;9
"1011";82;394;10
"1012";83;149;1
"1013";83;333;2
"1014";83;306;3
"1015";83;378;4
"1016";83;238;5
"1017";83;400;6
"1018";83;328;7
"1019";83;7;8
"1020";84;359;1
"1021";84;472;2
"1022";84;88;3
"1023";84;140;4
"1024";84;393;5
"1025";84;360;6
"1026";84;271;7
"1027";84;333;8
"1028";84;326;9
"1029";84;240;10
"1030";84;192;11
"1031";84;202;12
"1032";84;430;13
"1033";84;56;14
"1034";84;112;15
"1035";84;284;16
"1036";84;12;17
"1037";84;256;18
"1038";84;81;19
"1039";84;244;20
"1040";84;458;21
"1041";84;224;22
"1042";84;394;23
"1043";84;57;24
"1044";84;169;25
"1045";84;361;26
"1046";84;471;27
"1047";85;400;1
"1048";85;333;2
"1049";85;378;3
"1050";85;7;4
"1051";85;276;5
"1052";85;377;6
"1053";85;72;7
"1054";85;146;8
"1055";85;319;9
"1056";85;220;10
"1057";85;2;11
"1058";86;429;1
"1059";86;467;2
"1060";86;428;3
"1061";86;382;4
"1062";86;129;5
"1063";86;244;6
"1064";86;458;7
"1065";86;397;8
"1066";86;407;9
"1067";86;463;10
"1068";87;140;1
"1069";87;472;2
"1070";87;88;3
"1071";87;224;4
"1072";87;226;5
"1073";87;428;5
"1074";87;12;6
"1075";87;214;7
"1076";87;83;8
"1077";87;359;9
"1078";87;81;10
"1079";87;394;11
"1080";87;56;12
"1081";87;90;13
"1082";87;165;14
"1083";88;452;1
"1084";88;443;2
"1085";88;338;3
"1086";88;474;4
"1087";88;395;5
"1088";88;43;6
"1089";89;88;1
"1090";89;265;2
"1091";89;430;3
"1092";89;140;4
"1093";89;432;5
"1094";89;46;6
"1095";89;397;7
"1096";89;244;8
"1097";89;271;9
"1098";89;24;10
"1099";89;119;11
"1100";89;398;12
"1101";89;452;13
"1102";89;463;14
"1103";89;242;15
"1104";89;338;16
"1105";89;458;17
"1106";90;276;1
"1107";90;9;2
"1108";90;400;3
"1109";90;175;4
"1110";90;326;5
"1111";90;149;6
"1112";90;202;7
"1113";90;131;8
"1114";90;333;9
"1115";90;7;10
"1116";90;214;11
"1117";90;146;12
"1118";90;377;13
"1119";90;281;14
"1120";90;181;15
"1121";90;328;16
"1122";90;6;17
"1123";90;403;18
"1124";91;151;1
"1125";91;238;2
"1126";91;333;3
"1127";91;400;4
"1128";91;175;5
"1129";91;214;6
"1130";91;7;7
"1131";91;281;8
"1132";91;328;9
"1133";91;239;10
"1134";91;344;11
"1135";91;210;12
"1136";92;359;1
"1137";92;360;2
"1138";92;472;3
"1139";92;88;4
"1140";92;160;5
"1141";92;169;6
"1142";92;326;7
"1143";92;224;8
"1144";92;192;9
"1145";92;214;10
"1146";92;397;11
"1147";92;361;12
"1148";92;90;13
"1149";92;81;14
"1150";92;12;15
"1151";92;56;16
"1152";92;394;17
"1153";92;407;18
"1154";92;284;19
"1155";92;291;20
"1156";93;452;1
"1157";93;253;2
"1158";93;242;3
"1159";93;338;4
"1160";94;472;1
"1161";94;192;2
"1162";94;340;3
"1163";94;281;4
"1164";94;276;5
"1165";94;202;6
"1166";94;400;7
"1167";94;378;8
"1168";94;458;9
"1169";94;333;10
"1170";94;129;11
"1171";94;53;12
"1172";94;249;13
"1173";94;327;14
"1174";94;14;15
"1175";94;56;16
"1176";95;88;1
"1177";95;393;2
"1178";95;436;3
"1179";95;140;4
"1180";95;265;5
"1181";95;112;6
"1182";95;271;7
"1183";95;430;8
"1184";95;119;9
"1185";95;472;10
"1186";95;175;11
"1187";95;397;12
"1188";95;46;13
"1189";95;416;14
"1190";95;432;15
"1191";95;214;16
"1192";95;242;17
"1193";95;407;18
"1194";95;452;19
"1195";95;24;20
"1196";95;463;21
"1197";95;394;22
"1198";95;338;23
"1199";95;90;24
"1200";96;472;1
"1201";96;10;2
"1202";96;333;3
"1203";96;359;4
"1204";96;97;5
"1205";96;7;6
"1206";96;389;7
"1207";96;474;8
"1208";96;6;9
"1209";96;98;10
"1210";97;333;1
"1211";97;97;2
"1212";97;214;3
"1213";97;281;4
"1214";97;7;5
"1215";97;300;6
"1216";97;222;7
"1217";97;6;8
"1218";98;301;1
"1219";98;360;2
"1220";98;359;3
"1221";98;393;4
"1222";98;140;5
"1223";98;391;6
"1224";98;472;7
"1225";98;88;8
"1226";98;386;9
"1227";98;430;10
"1228";98;265;11
"1229";98;333;12
"1230";98;402;13
"1231";98;56;14
"1232";98;276;15
"1233";98;394;16
"1234";98;271;17
"1235";98;112;18
"1236";98;340;19
"1237";98;12;20
"1238";98;281;21
"1239";98;224;22
"1240";98;7;23
"1241";98;192;24
"1242";98;115;25
"1243";98;119;26
"1244";98;458;27
"1245";98;129;28
"1246";98;214;29
"1247";98;397;30
"1248";98;175;31
"1249";98;202;32
"1250";98;128;33
"1251";98;296;34
"1252";98;60;35
"1253";98;90;36
"1254";98;361;37
"1255";98;67;38
"1256";98;244;39
"1257";98;452;40
"1258";98;81;41
"1259";98;314;42
"1260";98;256;43
"1261";98;407;44
"1262";98;432;45
"1263";98;242;46
"1264";98;83;47
"1265";98;304;48
"1266";98;463;49
"1267";98;249;50
"1268";98;123;51
"1269";98;24;52
"1270";98;161;53
"1271";98;474;54
"1272";98;284;55
"1273";98;49;56
"1274";98;57;57
"1275";98;362;58
"1276";98;329;59
"1277";98;364;60
"1278";99;404;1
"1279";99;452;2
"1280";99;242;3
"1281";99;84;4
"1282";100;472;1
"1283";100;271;2
"1284";100;56;3
"1285";100;12;4
"1286";100;296;5
"1287";100;315;6
"1288";100;470;7
"1289";100;397;8
"1290";102;340;1
"1291";101;359;1
"1292";102;276;2
"1293";101;430;2
"1294";102;320;3
"1295";101;265;3
"1296";101;119;4
"1297";102;378;4
"1298";101;46;5
"1299";102;286;5
"1300";101;245;6
"1301";102;202;6
"1302";101;242;7
"1303";102;53;7
"1304";102;211;8
"1305";101;271;8
"1306";102;235;9
"1307";101;452;9
"1308";101;394;10
"1309";102;129;10
"1310";102;407;11
"1311";101;325;11
"1312";102;327;12
"1313";101;463;12
"1314";102;217;13
"1315";102;70;14
"1316";103;359;1
"1317";105;207;1
"1318";104;452;1
"1319";104;302;2
"1320";105;423;2
"1321";103;88;2
"1322";103;160;3
"1323";104;253;3
"1324";105;22;3
"1325";103;360;4
"1326";105;198;4
"1327";104;327;4
"1328";105;162;5
"1329";104;365;5
"1330";103;472;5
"1331";103;112;6
"1332";104;132;6
"1333";105;251;6
"1334";105;474;7
"1335";103;265;7
"1336";104;290;7
"1337";103;430;7
"1338";105;347;8
"1339";104;199;8
"1340";104;366;9
"1341";103;12;9
"1342";103;393;10
"1343";103;224;11
"1344";103;9;12
"1345";103;56;13
"1346";103;140;13
"1347";103;17;15
"1348";103;394;16
"1349";103;361;17
"1350";103;188;18
"1351";103;242;19
"1352";103;407;20
"1353";103;268;21
"1354";103;45;22
"1355";103;314;23
"1356";103;256;24
"1357";103;90;25
"1358";103;270;26
"1359";103;111;27
"1360";106;281;1
"1361";106;238;2
"1362";106;9;3
"1363";106;214;4
"1364";106;333;5
"1365";106;377;6
"1366";106;378;7
"1367";106;175;8
"1368";106;149;9
"1369";106;7;10
"1370";106;6;11
"1371";106;328;12
"1372";106;306;13
"1373";106;410;14
"1374";106;400;15
"1375";107;472;1
"1376";107;359;2
"1377";107;393;3
"1378";107;9;4
"1379";107;88;5
"1380";107;360;5
"1381";107;112;7
"1382";107;271;7
"1383";107;430;9
"1384";107;160;9
"1385";107;56;11
"1386";107;276;11
"1387";107;407;13
"1388";107;333;13
"1389";107;214;15
"1390";107;224;15
"1391";107;12;17
"1392";107;17;17
"1393";107;320;19
"1394";107;245;19
"1395";107;256;21
"1396";107;90;21
"1397";107;463;23
"1398";107;394;23
"1399";107;378;25
"1400";107;202;25
"1401";107;286;27
"1402";107;268;27
"1403";107;361;29
"1404";107;235;29
"1405";107;236;31
"1406";107;458;31
"1407";107;296;33
"1408";107;284;33
"1409";107;58;35
"1410";107;471;35
"1411";108;281;1
"1412";108;333;2
"1413";108;175;3
"1414";108;7;4
"1415";108;95;5
"1416";108;32;6
"1417";108;97;7
"1418";108;300;8
"1419";108;77;9
"1420";108;6;10
"1421";108;193;11
"1422";109;9;1
"1423";109;181;2
"1424";109;281;3
"1425";109;377;4
"1426";109;400;5
"1427";109;328;6
"1428";109;410;7
"1429";109;109;8
"1430";109;2;9
"1431";109;220;10
"1432";110;472;1
"1433";110;175;2
"1434";110;473;3
"1435";110;7;4
"1436";110;97;5
"1437";110;333;6
"1438";110;305;7
"1439";110;214;8
"1440";110;6;9
"1441";111;19;1
"1442";112;422;1
"1443";112;207;2
"1444";111;452;2
"1445";111;302;3
"1446";112;22;3
"1447";111;122;4
"1448";112;167;4
"1449";111;327;5
"1450";112;415;5
"1451";111;2;6
"1452";112;199;6
"1453";111;413;7
"1454";111;148;8
"1455";111;31;9
"1456";111;274;10
"1457";111;350;11
"1458";111;199;12
"1459";111;167;13
"1460";113;472;1
"1461";113;88;1
"1462";113;112;3
"1463";113;56;4
"1464";113;202;5
"1465";113;15;6
"1466";113;119;7
"1467";113;245;8
"1468";113;276;9
"1469";113;458;10
"1470";113;145;11
"1471";113;463;12
"1472";113;242;13
"1473";113;57;14
"1474";113;70;15
"1475";114;359;1
"1476";114;472;2
"1477";114;276;3
"1478";114;9;4
"1479";114;340;5
"1480";114;56;6
"1481";114;333;7
"1482";114;281;8
"1483";114;202;9
"1484";114;245;10
"1485";114;327;11
"1486";114;378;12
"1487";114;129;13
"1488";114;320;14
"1489";114;298;15
"1490";114;407;16
"1491";114;410;17
"1492";114;14;18
"1493";114;1;19
"1494";114;170;20
"1495";115;472;1
"1496";115;160;2
"1497";115;112;3
"1498";115;268;4
"1499";115;393;5
"1500";115;90;6
"1501";115;12;7
"1502";115;394;8
"1503";115;35;9
"1504";115;242;10
"1505";115;60;11
"1506";116;333;1
"1507";116;281;2
"1508";116;9;3
"1509";116;410;4
"1510";116;175;5
"1511";116;181;6
"1512";116;214;7
"1513";116;7;8
"1514";116;377;9
"1515";116;86;10
"1516";116;400;11
"1517";116;262;12
"1518";116;328;13
"1519";116;149;14
"1520";116;456;15
"1521";116;238;16
"1522";116;335;17
"1523";116;280;18
"1524";116;6;19
"1525";116;371;20
"1526";117;88;1
"1527";117;472;2
"1528";117;235;3
"1529";117;202;4
"1530";117;56;5
"1531";117;245;6
"1532";117;320;7
"1533";117;407;8
"1534";117;112;9
"1535";117;286;10
"1536";117;53;11
"1537";117;327;11
"1538";117;129;13
"1539";117;233;14
"1540";118;160;1
"1541";118;88;2
"1542";118;265;3
"1543";118;271;4
"1544";118;112;5
"1545";118;430;6
"1546";118;359;7
"1547";118;452;8
"1548";118;119;9
"1549";118;46;10
"1550";118;296;11
"1551";118;242;12
"1552";118;245;13
"1553";118;474;14
"1554";119;202;1
"1555";119;235;2
"1556";119;129;3
"1557";119;458;4
"1558";119;320;5
"1559";119;286;6
"1560";120;359;1
"1561";120;472;2
"1562";120;268;3
"1563";120;224;4
"1564";120;17;5
"1565";120;160;6
"1566";120;360;7
"1567";120;394;8
"1568";120;169;9
"1569";120;6;10
"1570";121;245;1
"1571";121;169;2
"1572";121;119;3
"1573";121;463;4
"1574";122;472;1
"1575";122;281;2
"1576";122;276;3
"1577";122;56;4
"1578";122;340;5
"1579";122;333;6
"1580";122;57;7
"1581";122;401;8
"1582";122;129;9
"1583";122;320;10
"1584";122;235;11
"1585";122;327;12
"1586";122;53;13
"1587";122;458;14
"1588";122;14;15
"1589";122;249;16
"1590";123;276;1
"1591";123;333;2
"1592";123;400;3
"1593";123;7;4
"1594";123;19;5
"1595";123;300;6
"1596";123;149;7
"1597";123;6;8
"1598";123;214;9
"1599";123;262;10
"1600";123;205;11
"1601";123;8;12
"1602";124;392;1
"1603";124;430;2
"1604";124;160;3
"1605";124;112;4
"1606";124;264;5
"1607";124;175;6
"1608";124;253;7
"1609";124;470;8
"1610";124;394;9
"1611";124;472;10
"1612";124;46;11
"1613";124;52;12
"1614";124;75;13
"1615";124;130;14
"1616";124;431;15
"1617";124;452;16
"1618";124;242;17
"1619";124;407;18
"1620";125;359;1
"1621";125;88;2
"1622";125;472;3
"1623";125;160;4
"1624";125;360;5
"1625";125;271;6
"1626";125;112;7
"1627";125;361;8
"1628";125;394;9
"1629";125;17;10
"1630";125;268;11
"1631";125;12;12
"1632";125;256;13
"1633";125;224;14
"1634";125;215;15
"1635";125;442;16
"1636";125;441;17
"1637";125;236;18
"1638";125;51;19
"1639";125;284;20
"1640";126;88;1
"1641";126;472;2
"1642";126;294;3
"1643";126;404;4
"1644";126;253;5
"1645";127;359;1
"1646";127;418;2
"1647";127;472;3
"1648";127;88;4
"1649";127;160;5
"1650";127;271;6
"1651";127;112;7
"1652";127;281;7
"1653";127;451;9
"1654";127;392;10
"1655";127;202;11
"1656";127;149;12
"1657";127;386;13
"1658";127;56;14
"1659";127;12;15
"1660";127;9;16
"1661";127;410;17
"1662";127;340;18
"1663";127;224;19
"1664";127;7;20
"1665";127;276;21
"1666";127;360;21
"1667";127;378;23
"1668";127;394;24
"1669";127;353;25
"1670";127;333;25
"1671";127;108;27
"1672";127;175;28
"1673";127;393;29
"1674";127;214;30
"1675";127;140;31
"1676";127;6;32
"1677";127;268;33
"1678";127;441;34
"1679";127;320;35
"1680";127;150;36
"1681";127;19;37
"1682";127;181;38
"1683";127;296;39
"1684";127;327;40
"1685";127;335;41
"1686";127;97;42
"1687";127;262;43
"1688";127;300;44
"1689";127;328;45
"1690";127;400;46
"1691";127;280;47
"1692";127;90;48
"1693";127;129;49
"1694";127;407;50
"1695";127;344;51
"1696";127;57;52
"1697";127;256;53
"1698";127;458;54
"1699";127;177;55
"1700";127;203;56
"1701";127;249;57
"1702";127;122;58
"1703";127;354;59
"1704";127;5;60
"1705";127;229;61
"1706";127;425;62
"1707";127;68;63
"1708";127;156;64
"1709";128;7;1
"1710";128;214;2
"1711";128;19;3
"1712";128;149;4
"1713";128;333;5
"1714";128;175;6
"1715";128;205;7
"1716";128;193;8
"1717";128;6;9
"1718";128;316;10
"1719";129;149;1
"1720";129;333;2
"1721";129;7;3
"1722";129;281;4
"1723";129;410;5
"1724";129;262;5
"1725";129;86;5
"1726";129;400;5
"1727";130;271;1
"1728";130;472;2
"1729";130;19;3
"1730";130;333;4
"1731";130;320;5
"1732";130;394;6
"1733";130;397;7
"1734";130;315;8
"1735";130;296;9
"1736";131;281;1
"1737";131;175;2
"1738";131;333;3
"1739";131;149;4
"1740";131;410;5
"1741";131;316;6
"1742";131;400;7
"1743";131;86;8
"1744";131;456;9
"1745";131;205;10
"1746";131;6;11
"1747";131;260;12
"1748";132;359;1
"1749";132;276;2
"1750";132;430;3
"1751";132;271;4
"1752";132;119;5
"1753";132;46;6
"1754";132;265;7
"1755";132;452;8
"1756";132;245;9
"1757";132;149;10
"1758";132;242;11
"1759";132;394;12
"1760";132;309;13
"1761";132;463;14
"1762";132;296;15
"1763";132;289;16
"1764";133;355;1
"1765";133;207;2
"1766";133;444;3
"1767";133;22;4
"1768";135;237;1
"1769";134;132;1
"1770";135;22;2
"1771";134;355;2
"1772";135;198;3
"1773";134;207;3
"1774";135;201;4
"1775";134;444;4
"1776";134;198;5
"1777";135;65;5
"1778";134;93;6
"1779";134;322;7
"1780";134;191;8
"1781";136;359;1
"1782";136;88;2
"1783";136;12;3
"1784";136;160;4
"1785";136;472;5
"1786";136;360;6
"1787";136;393;7
"1788";136;9;8
"1789";136;271;9
"1790";136;224;10
"1791";136;361;11
"1792";136;268;12
"1793";136;112;13
"1794";136;394;14
"1795";136;430;15
"1796";136;90;16
"1797";136;103;17
"1798";136;404;18
"1799";136;45;19
"1800";136;256;20
"1801";136;314;21
"1802";137;281;1
"1803";137;410;2
"1804";137;333;3
"1805";137;175;4
"1806";137;262;5
"1807";137;316;6
"1808";137;335;7
"1809";137;328;8
"1810";137;86;9
"1811";137;377;10
"1812";137;260;11
"1813";137;149;12
"1814";137;427;13
"1815";137;218;14
"1816";137;469;15
"1817";137;232;16
"1818";138;333;1
"1819";138;410;2
"1820";138;149;3
"1821";138;9;4
"1822";138;316;5
"1823";138;175;6
"1824";138;281;7
"1825";138;300;8
"1826";138;400;9
"1827";138;7;10
"1828";138;335;11
"1829";138;377;12
"1830";138;344;13
"1831";138;125;14
"1832";138;260;15
"1833";138;328;16
"1834";139;276;1
"1835";139;271;2
"1836";139;430;3
"1837";139;458;4
"1838";139;262;5
"1839";139;316;6
"1840";139;407;7
"1841";139;119;8
"1842";139;463;9
"1843";139;245;10
"1844";139;296;12
"1845";139;88;12
"1846";140;276;1
"1847";140;202;2
"1848";140;320;3
"1849";140;235;4
"1850";140;456;5
"1851";140;286;6
"1852";141;333;1
"1853";141;281;2
"1854";141;410;3
"1855";141;262;4
"1856";141;7;5
"1857";141;175;6
"1858";141;86;7
"1859";141;181;8
"1860";141;205;9
"1861";141;316;10
"1862";141;377;11
"1863";141;280;12
"1864";141;53;13
"1865";141;328;14
"1866";141;149;15
"1867";141;218;16
"1868";142;271;1
"1869";142;430;1
"1870";142;119;3
"1871";142;452;4
"1872";142;56;5
"1873";142;458;6
"1874";142;296;7
"1875";142;245;7
"1876";142;463;9
"1877";142;169;10
"1878";143;330;1
"1879";143;112;2
"1880";143;268;3
"1881";143;45;4
"1882";143;110;5
"1883";144;276;1
"1884";144;340;2
"1885";144;271;3
"1886";144;202;4
"1887";144;410;5
"1888";144;129;6
"1889";144;53;7
"1890";144;280;8
"1891";144;320;9
"1892";144;333;10
"1893";144;327;11
"1894";144;119;12
"1895";144;203;13
"1896";144;249;14
"1897";144;134;15
"1898";144;286;16
"1899";145;359;1
"1900";145;213;2
"1901";145;160;3
"1902";145;450;4
"1903";145;472;5
"1904";145;340;6
"1905";145;202;7
"1906";145;393;8
"1907";145;88;9
"1908";145;9;10
"1909";145;112;11
"1910";145;268;12
"1911";145;360;13
"1912";145;224;14
"1913";145;281;15
"1914";145;271;16
"1915";145;12;17
"1916";145;235;18
"1917";145;90;19
"1918";145;115;20
"1919";145;175;21
"1920";145;245;22
"1921";145;296;23
"1922";145;236;24
"1923";145;56;25
"1924";145;474;26
"1925";145;407;27
"1926";145;203;28
"1927";145;242;29
"1928";145;458;30
"1929";145;394;31
"1930";145;51;32
"1931";145;182;33
"1932";145;256;34
"1933";145;463;35
"1934";145;471;36
"1935";146;410;1
"1936";146;149;2
"1937";146;400;3
"1938";146;280;4
"1939";146;316;5
"1940";146;7;6
"1941";146;205;7
"1942";146;333;8
"1943";146;97;9
"1944";146;300;10
"1945";146;262;11
"1946";146;260;12
"1947";146;6;13
"1948";146;328;14
"1949";146;193;15
"1950";146;5;16
"1951";147;452;1
"1952";148;318;1
"1953";148;237;2
"1954";147;327;2
"1955";147;355;3
"1956";148;351;3
"1957";148;310;4
"1958";147;186;4
"1959";148;22;5
"1960";147;191;5
"1961";147;207;6
"1962";148;198;6
"1963";148;41;7
"1964";147;227;7
"1965";147;198;8
"1966";148;347;8
"1967";147;274;9
"1968";148;307;9
"1969";147;148;10
"1970";147;190;11
"1971";149;359;1
"1972";149;360;2
"1973";149;88;3
"1974";149;160;4
"1975";149;112;5
"1976";149;90;6
"1977";149;362;7
"1978";149;394;8
"1979";149;132;9
"1980";149;447;10
"1981";151;202;1
"1982";150;359;1
"1983";150;472;2
"1984";151;235;2
"1985";151;86;3
"1986";150;160;3
"1987";150;268;4
"1988";151;378;4
"1989";150;12;5
"1990";151;276;5
"1991";151;262;6
"1992";150;112;6
"1993";151;129;7
"1994";150;17;7
"1995";150;224;8
"1996";151;27;8
"1997";151;203;9
"1998";150;316;9
"1999";151;286;10
"2000";150;308;10
"2001";151;102;11
"2002";150;474;11
"2003";150;225;12
"2004";152;359;1
"2005";152;160;2
"2006";152;430;3
"2007";152;452;4
"2008";152;119;5
"2009";152;265;6
"2010";152;46;7
"2011";152;112;8
"2012";152;394;9
"2013";152;88;10
"2014";152;245;11
"2015";152;242;12
"2016";152;318;13
"2017";152;310;14
"2018";153;316;1
"2019";153;333;2
"2020";153;19;3
"2021";153;7;4
"2022";153;400;5
"2023";153;281;6
"2024";153;472;7
"2025";153;175;8
"2026";153;97;9
"2027";153;205;10
"2028";153;155;11
"2029";153;177;12
"2030";153;6;13
"2031";153;98;14
"2032";153;214;15
"2033";154;9;1
"2034";154;262;2
"2035";154;355;3
"2036";154;286;4
"2037";155;88;1
"2038";155;472;2
"2039";155;160;3
"2040";155;224;4
"2041";155;268;5
"2042";155;112;6
"2043";155;12;7
"2044";155;394;8
"2045";155;7;9
"2046";155;308;10
"2047";156;316;1
"2048";156;19;2
"2049";156;205;3
"2050";156;214;4
"2051";156;5;5
"2052";156;219;6
"2053";156;465;7
"2054";156;91;8
"2055";156;193;9
"2056";157;359;1
"2057";157;271;2
"2058";157;472;3
"2059";157;340;4
"2060";157;452;5
"2061";157;202;6
"2062";157;393;7
"2063";157;112;8
"2064";157;333;9
"2065";157;276;10
"2066";157;262;11
"2067";157;394;12
"2068";157;430;13
"2069";157;242;14
"2070";157;268;15
"2071";157;169;16
"2072";157;397;17
"2073";157;320;18
"2074";157;296;19
"2075";157;119;20
"2076";157;286;21
"2077";157;53;22
"2078";158;281;1
"2079";158;316;2
"2080";158;7;3
"2081";158;279;4
"2082";158;175;5
"2083";158;335;6
"2084";158;336;7
"2085";158;86;8
"2086";158;149;9
"2087";158;333;10
"2088";158;410;11
"2089";158;262;12
"2090";158;238;13
"2091";158;344;14
"2092";158;456;15
"2093";158;183;16
"2094";158;280;17
"2095";158;377;18
"2096";158;455;19
"2097";159;472;1
"2098";159;340;2
"2099";159;276;3
"2100";159;202;4
"2101";159;320;5
"2102";159;249;6
"2103";159;9;7
"2104";159;4;8
"2105";159;203;9
"2106";159;119;10
"2107";159;129;11
"2108";159;53;12
"2109";159;56;13
"2110";159;293;14
"2111";160;472;1
"2112";160;410;2
"2113";160;235;3
"2114";160;316;4
"2115";160;333;5
"2116";160;149;6
"2117";160;175;7
"2118";160;19;8
"2119";160;205;9
"2120";160;129;10
"2121";160;6;11
"2122";160;91;12
"2123";160;214;13
"2124";160;219;14
"2125";161;160;1
"2126";161;472;2
"2127";161;112;3
"2128";161;393;4
"2129";161;392;5
"2130";161;430;6
"2131";161;264;7
"2132";161;46;8
"2133";161;276;9
"2134";161;452;10
"2135";161;265;11
"2136";161;394;12
"2137";161;333;13
"2138";161;119;14
"2139";161;12;15
"2140";161;407;16
"2141";161;97;17
"2142";161;242;18
"2143";161;447;19
"2144";161;311;20
"2145";161;429;21
"2146";162;410;1
"2147";162;333;2
"2148";162;175;3
"2149";162;262;4
"2150";162;149;5
"2151";162;136;6
"2152";162;281;7
"2153";162;332;8
"2154";162;316;9
"2155";162;86;10
"2156";162;336;11
"2157";162;280;11
"2158";162;260;13
"2159";162;214;14
"2160";162;328;15
"2161";162;372;16
"2162";162;456;17
"2163";163;276;1
"2164";164;88;1
"2165";163;235;2
"2166";164;472;2
"2167";164;404;3
"2168";163;202;3
"2169";163;195;4
"2170";164;394;4
"2171";164;35;5
"2172";163;320;5
"2173";164;90;6
"2174";163;407;6
"2175";163;341;7
"2176";163;406;8
"2177";165;451;1
"2178";165;278;2
"2179";165;135;3
"2180";165;360;4
"2181";165;359;5
"2182";165;472;6
"2183";165;271;7
"2184";165;386;7
"2185";165;202;9
"2186";165;160;10
"2187";165;88;11
"2188";165;129;12
"2189";165;94;13
"2190";165;392;14
"2191";165;393;15
"2192";165;149;16
"2193";165;410;17
"2194";165;316;18
"2195";165;340;19
"2196";165;224;20
"2197";165;276;21
"2198";165;140;22
"2199";165;430;23
"2200";165;281;24
"2201";165;17;25
"2202";165;333;26
"2203";165;262;27
"2204";165;12;28
"2205";165;320;29
"2206";165;327;30
"2207";165;452;31
"2208";165;242;32
"2209";165;344;33
"2210";165;260;34
"2211";165;387;35
"2212";165;203;36
"2213";165;112;37
"2214";165;119;38
"2215";165;328;39
"2216";165;394;40
"2217";165;115;41
"2218";165;388;42
"2219";165;90;43
"2220";165;268;44
"2221";165;300;45
"2222";165;175;46
"2223";165;56;47
"2224";165;97;48
"2225";165;296;49
"2226";165;361;50
"2227";165;35;51
"2228";165;214;52
"2229";165;456;53
"2230";165;407;54
"2231";165;7;55
"2232";165;286;56
"2233";165;368;57
"2234";165;447;58
"2235";165;249;59
"2236";165;280;60
"2237";165;474;61
"2238";166;359;1
"2239";166;276;2
"2240";166;472;3
"2241";166;88;4
"2242";166;160;5
"2243";166;268;6
"2244";166;333;7
"2245";166;271;8
"2246";166;430;9
"2247";166;119;10
"2248";166;202;11
"2249";166;12;12
"2250";166;378;13
"2251";166;86;14
"2252";166;262;15
"2253";166;361;16
"2254";166;360;17
"2255";166;224;18
"2256";166;452;19
"2257";166;9;20
"2258";166;90;21
"2259";166;320;22
"2260";166;214;23
"2261";167;333;1
"2262";167;410;2
"2263";167;149;3
"2264";167;7;4
"2265";167;316;5
"2266";167;175;5
"2267";167;400;6
"2268";167;374;6
"2269";167;262;6
"2270";168;452;1
"2271";168;76;2
"2272";168;242;3
"2273";168;318;4
"2274";168;311;5
"2275";168;310;6
"2276";169;355;1
"2277";169;227;2
"2278";169;207;3
"2279";169;274;4
"2280";169;303;5
"2281";169;237;6
"2282";169;456;7
"2283";169;444;8
"2284";170;276;1
"2285";170;271;2
"2286";170;430;3
"2287";170;202;4
"2288";170;189;5
"2289";170;245;6
"2290";170;137;7
"2291";170;316;8
"2292";170;120;9
"2293";170;296;10
"2294";170;11;11
"2295";170;85;12
"2296";170;311;13
"2297";170;173;14
"2298";170;82;15
"2299";170;119;16
"2300";171;410;1
"2301";171;175;2
"2302";171;86;3
"2303";171;47;4
"2304";171;344;5
"2305";171;343;6
"2306";171;149;7
"2307";171;7;8
"2308";171;333;9
"2309";171;281;10
"2310";171;205;11
"2311";171;250;12
"2312";171;177;13
"2313";171;260;14
"2314";171;372;15
"2315";171;33;15
"2316";172;359;1
"2317";172;171;2
"2318";172;472;3
"2319";172;430;4
"2320";172;140;5
"2321";172;271;6
"2322";172;112;7
"2323";172;224;8
"2324";172;88;9
"2325";172;360;10
"2326";172;12;11
"2327";172;393;12
"2328";172;262;13
"2329";172;268;14
"2330";172;160;15
"2331";172;242;16
"2332";172;452;17
"2333";172;225;18
"2334";172;300;19
"2335";172;90;20
"2336";172;45;21
"2337";172;269;22
"2338";172;394;23
"2339";172;110;24
"2340";173;359;1
"2341";173;171;2
"2342";173;271;3
"2343";173;119;4
"2344";173;430;5
"2345";173;88;6
"2346";173;296;7
"2347";173;46;8
"2348";173;452;9
"2349";173;120;10
"2350";173;394;11
"2351";173;245;12
"2352";173;262;13
"2353";173;242;14
"2354";173;205;15
"2355";173;246;16
"2356";173;311;17
"2357";173;466;18
"2358";173;462;19
"2359";174;410;1
"2360";174;329;2
"2361";174;370;3
"2362";174;175;4
"2363";174;21;5
"2364";174;7;6
"2365";174;86;7
"2366";174;262;8
"2367";174;129;9
"2368";174;456;10
"2369";174;47;11
"2370";174;214;12
"2371";174;250;13
"2372";174;375;14
"2373";174;33;15
"2374";174;372;16
"2375";174;316;17
"2376";174;373;18
"2377";174;334;19
"2378";174;377;20
"2379";174;445;21
"2380";175;171;1
"2381";175;271;2
"2382";175;235;3
"2383";175;119;4
"2384";175;247;5
"2385";175;245;6
"2386";175;296;7
"2387";175;88;8
"2388";175;458;9
"2389";175;56;10
"2390";175;54;11
"2391";175;430;12
"2392";176;410;1
"2393";176;281;2
"2394";176;333;3
"2395";176;316;4
"2396";176;300;5
"2397";176;7;6
"2398";176;400;7
"2399";176;149;8
"2400";176;47;9
"2401";176;129;10
"2402";176;214;11
"2403";176;328;12
"2404";176;19;13
"2405";176;399;14
"2406";176;457;15
"2407";177;410;1
"2408";177;316;2
"2409";177;333;3
"2410";177;262;4
"2411";177;281;5
"2412";177;7;6
"2413";177;300;7
"2414";177;149;8
"2415";177;205;9
"2416";177;97;10
"2417";177;47;11
"2418";177;214;12
"2419";177;232;13
"2420";177;219;14
"2421";177;250;15
"2422";177;6;16
"2423";180;237;1
"2424";179;452;1
"2425";178;171;1
"2426";180;310;2
"2427";178;410;2
"2428";179;474;2
"2429";178;340;3
"2430";180;22;3
"2431";179;227;3
"2432";180;16;4
"2433";179;355;4
"2434";178;281;4
"2435";180;299;5
"2436";179;190;5
"2437";178;202;5
"2438";180;199;6
"2439";179;223;6
"2440";178;333;6
"2441";180;307;7
"2442";178;175;7
"2443";179;20;7
"2444";179;199;8
"2445";180;36;8
"2446";178;214;8
"2447";180;406;9
"2448";179;207;9
"2449";178;279;9
"2450";178;7;9
"2451";180;440;10
"2452";179;147;10
"2453";179;318;11
"2454";178;205;11
"2455";178;47;12
"2456";179;93;12
"2457";179;322;13
"2458";178;86;13
"2459";178;344;14
"2460";178;149;15
"2461";178;280;16
"2462";178;102;17
"2463";178;328;18
"2464";178;250;19
"2465";178;183;20
"2466";178;446;21
"2467";178;377;22
"2468";182;171;1
"2469";181;472;1
"2470";181;224;2
"2471";182;160;2
"2472";182;320;3
"2473";181;17;3
"2474";182;378;4
"2475";181;112;4
"2476";181;214;5
"2477";182;202;5
"2478";182;56;6
"2479";181;12;6
"2480";181;268;7
"2481";182;344;7
"2482";182;458;8
"2483";181;160;8
"2484";181;18;9
"2485";182;53;9
"2486";181;269;10
"2487";182;271;10
"2488";181;205;11
"2489";182;245;11
"2490";181;225;12
"2491";181;78;13
"2492";183;359;1
"2493";183;160;2
"2494";183;360;3
"2495";183;393;4
"2496";183;45;5
"2497";183;361;6
"2498";183;394;7
"2499";184;430;1
"2500";184;271;1
"2501";184;119;3
"2502";184;311;4
"2503";184;296;5
"2504";184;245;6
"2505";184;46;7
"2506";184;120;8
"2507";184;56;8
"2508";184;435;10
"2509";185;472;1
"2510";185;359;2
"2511";185;410;3
"2512";185;224;4
"2513";185;160;5
"2514";185;202;6
"2515";185;333;7
"2516";185;17;8
"2517";185;47;9
"2518";185;12;10
"2519";185;271;11
"2520";185;112;12
"2521";185;435;13
"2522";185;393;14
"2523";185;268;15
"2524";185;88;16
"2525";185;225;17
"2526";185;474;18
"2527";185;311;19
"2528";185;256;20
"2529";185;394;21
"2530";185;236;22
"2531";186;171;1
"2532";186;369;2
"2533";186;340;3
"2534";186;378;4
"2535";186;262;5
"2536";186;202;6
"2537";186;129;7
"2538";186;205;8
"2539";186;175;9
"2540";186;53;10
"2541";186;235;11
"2542";186;232;12
"2543";186;196;13
"2544";187;171;1
"2545";187;320;2
"2546";187;129;3
"2547";187;378;4
"2548";187;202;5
"2549";187;340;6
"2550";187;235;7
"2551";187;54;8
"2552";187;245;9
"2553";187;102;10
"2554";187;196;11
"2555";187;234;12
"2556";188;359;1
"2557";188;112;2
"2558";188;472;3
"2559";188;393;4
"2560";188;45;5
"2561";188;268;6
"2562";188;459;7
"2563";189;359;1
"2564";190;472;1
"2565";190;202;2
"2566";189;472;2
"2567";189;224;3
"2568";190;320;3
"2569";190;171;4
"2570";189;17;4
"2571";189;160;5
"2572";190;410;5
"2573";190;129;6
"2574";189;112;6
"2575";189;214;7
"2576";190;281;7
"2577";190;262;8
"2578";189;205;8
"2579";189;268;9
"2580";190;340;9
"2581";189;12;10
"2582";190;333;10
"2583";190;175;11
"2584";189;7;11
"2585";189;344;12
"2586";190;86;12
"2587";189;225;13
"2588";190;378;13
"2589";190;235;14
"2590";189;269;14
"2591";189;78;15
"2592";190;214;15
"2593";190;102;16
"2594";190;53;17
"2595";190;56;18
"2596";190;203;19
"2597";190;11;20
"2598";191;271;1
"2599";191;430;2
"2600";191;452;3
"2601";191;119;4
"2602";191;311;5
"2603";191;120;6
"2604";191;242;7
"2605";191;245;8
"2606";191;46;9
"2607";191;318;10
"2608";193;386;1
"2609";192;363;1
"2610";193;171;2
"2611";192;16;2
"2612";192;187;3
"2613";193;452;3
"2614";193;393;4
"2615";193;112;5
"2616";193;160;6
"2617";193;436;7
"2618";193;312;8
"2619";193;430;9
"2620";193;119;10
"2621";193;435;11
"2622";193;296;12
"2623";193;46;13
"2624";193;133;14
"2625";193;242;15
"2626";193;311;16
"2627";193;88;17
"2628";193;337;18
"2629";193;120;19
"2630";193;223;20
"2631";193;318;21
"2632";193;62;22
"2633";194;392;1
"2634";194;175;2
"2635";194;86;3
"2636";194;316;4
"2637";194;205;5
"2638";194;300;6
"2639";194;149;7
"2640";194;219;8
"2641";194;333;9
"2642";194;97;10
"2643";194;7;11
"2644";194;96;12
"2645";194;38;13
"2646";194;142;14
"2647";194;91;15
"2648";194;98;16
"2649";194;260;17
"2650";195;472;1
"2651";195;359;2
"2652";195;171;3
"2653";195;320;4
"2654";195;112;5
"2655";195;378;6
"2656";195;430;7
"2657";195;268;8
"2658";195;271;9
"2659";195;404;10
"2660";195;281;11
"2661";195;160;12
"2662";195;296;13
"2663";195;262;14
"2664";195;129;15
"2665";195;340;16
"2666";195;12;17
"2667";195;311;18
"2668";195;435;19
"2669";195;393;20
"2670";195;119;21
"2671";195;56;22
"2672";195;458;23
"2673";195;169;24
"2674";195;242;25
"2675";197;88;1
"2676";196;171;1
"2677";197;435;2
"2678";196;340;2
"2679";197;46;3
"2680";196;202;3
"2681";197;90;4
"2682";196;378;4
"2683";197;242;5
"2684";196;203;5
"2685";197;253;6
"2686";196;247;6
"2687";196;53;7
"2688";197;472;7
"2689";196;456;8
"2690";196;204;9
"2691";196;196;10
"2692";198;472;1
"2693";198;410;2
"2694";198;175;3
"2695";198;316;4
"2696";198;333;5
"2697";198;7;6
"2698";198;129;7
"2699";198;97;8
"2700";198;300;9
"2701";198;262;10
"2702";198;96;11
"2703";198;219;12
"2704";198;214;13
"2705";198;205;14
"2706";198;149;15
"2707";198;6;16
"2708";200;171;1
"2709";199;280;1
"2710";200;202;2
"2711";199;281;2
"2712";200;160;3
"2713";199;96;3
"2714";199;344;4
"2715";200;359;4
"2716";200;472;5
"2717";199;262;5
"2718";200;17;6
"2719";199;86;6
"2720";200;268;7
"2721";199;263;7
"2722";199;142;8
"2723";200;12;8
"2724";200;224;9
"2725";199;71;9
"2726";200;360;10
"2727";200;378;11
"2728";200;203;12
"2729";200;296;13
"2730";200;333;14
"2731";200;311;15
"2732";200;276;16
"2733";200;250;17
"2734";201;451;1
"2735";201;386;2
"2736";201;171;3
"2737";201;160;4
"2738";201;359;5
"2739";201;277;6
"2740";201;472;7
"2741";201;410;8
"2742";201;281;9
"2743";201;392;10
"2744";201;202;11
"2745";201;17;12
"2746";201;360;13
"2747";201;112;14
"2748";201;86;15
"2749";201;271;16
"2750";201;224;17
"2751";201;333;18
"2752";201;452;19
"2753";201;129;20
"2754";201;353;21
"2755";201;393;22
"2756";201;149;23
"2757";201;125;24
"2758";201;175;25
"2759";201;300;26
"2760";201;7;27
"2761";201;177;28
"2762";201;316;29
"2763";201;56;30
"2764";201;78;31
"2765";201;385;32
"2766";201;174;33
"2767";201;340;34
"2768";201;205;35
"2769";201;346;36
"2770";201;268;37
"2771";201;97;38
"2772";201;12;39
"2773";201;262;40
"2774";201;378;41
"2775";201;53;42
"2776";201;38;43
"2777";201;203;44
"2778";201;296;45
"2779";201;311;46
"2780";201;280;47
"2781";201;127;48
"2782";201;242;49
"2783";201;344;50
"2784";201;225;51
"2785";201;214;52
"2786";201;256;53
"2787";201;354;54
"2788";201;260;55
"2789";201;6;56
"2790";201;328;57
"2791";201;219;57
"2792";201;384;59
"2793";201;250;60
"2794";201;91;61
"2795";202;119;1
"2796";202;467;2
"2797";202;169;3
"2798";202;458;4
"2799";202;56;5
"2800";202;245;6
"2801";202;82;7
"2802";202;54;8
"2803";203;281;1
"2804";203;333;2
"2805";203;175;3
"2806";203;86;4
"2807";203;344;5
"2808";203;177;6
"2809";203;285;7
"2810";203;166;8
"2811";203;328;9
"2812";203;241;10
"2813";203;71;11
"2814";204;255;1
"2815";204;7;2
"2816";204;316;3
"2817";204;142;4
"2818";204;38;5
"2819";204;91;6
"2820";204;19;7
"2821";204;243;8
"2822";205;452;1
"2823";205;242;2
"2824";205;310;3
"2825";205;318;4
"2826";205;36;5
"2827";205;37;6
"2828";206;281;1
"2829";206;333;2
"2830";206;86;3
"2831";206;177;4
"2832";206;129;5
"2833";206;214;6
"2834";206;205;7
"2835";206;175;8
"2836";206;53;9
"2837";206;250;10
"2838";206;328;11
"2839";206;118;12
"2840";206;33;13
"2841";206;373;14
"2842";206;372;15
"2843";206;377;16
"2844";206;445;17
"2845";207;430;1
"2846";207;46;2
"2847";207;452;3
"2848";207;435;4
"2849";207;121;5
"2850";207;88;6
"2851";207;390;7
"2852";207;119;8
"2853";207;296;9
"2854";207;311;10
"2855";207;52;11
"2856";207;454;12
"2857";207;318;13
"2858";207;169;14
"2859";208;224;1
"2860";208;94;2
"2861";208;333;3
"2862";208;316;4
"2863";208;205;5
"2864";208;300;6
"2865";208;97;7
"2866";208;225;8
"2867";208;7;9
"2868";208;142;10
"2869";208;219;11
"2870";208;214;12
"2871";208;250;13
"2872";208;216;14
"2873";208;91;15
"2874";209;419;1
"2875";209;273;2
"2876";209;129;3
"2877";209;87;4
"2878";209;202;5
"2879";209;169;6
"2880";209;53;7
"2881";209;235;8
"2882";209;196;9
"2883";210;419;1
"2884";210;202;2
"2885";210;129;3
"2886";210;96;4
"2887";210;324;5
"2888";210;273;6
"2889";210;396;7
"2890";210;327;8
"2891";210;196;9
"2892";211;175;1
"2893";211;149;2
"2894";211;47;3
"2895";211;71;4
"2896";211;106;5
"2897";212;268;1
"2898";212;119;2
"2899";212;273;3
"2900";212;205;4
"2901";212;169;5
"2902";212;296;6
"2903";212;59;7
"2904";212;173;8
"2905";212;234;9
"2906";213;87;1
"2907";213;129;2
"2908";213;202;3
"2909";213;346;4
"2910";213;261;5
"2911";213;53;5
"2912";213;127;7
"2913";213;126;8
"2914";213;197;9
"2915";214;205;1
"2916";214;227;2
"2917";214;199;3
"2918";214;444;4
"2919";214;207;5
"2920";214;303;6
"2921";214;243;7
"2922";214;274;8
"2923";215;87;1
"2924";215;419;2
"2925";215;202;3
"2926";215;129;4
"2927";215;273;5
"2928";215;246;6
"2929";215;203;7
"2930";215;406;8
"2931";216;281;1
"2932";216;333;2
"2933";216;129;3
"2934";216;175;4
"2935";216;7;5
"2936";216;316;6
"2937";217;126;1
"2938";217;173;2
"2939";217;62;3
"2940";217;245;4
"2941";217;196;5
